RecordId,Timestamp,socket0-package-power
1,11:20:34:541,   43.57
2,11:20:34:641,   39.86
3,11:20:34:741,   36.60
4,11:20:34:841,   35.97
5,11:20:34:941,   38.71
6,11:20:35:041,   38.27
7,11:20:35:141,   36.15
8,11:20:35:241,   36.22
9,11:20:35:341,   37.00
10,11:20:35:441,   36.27
11,11:20:35:541,   36.32
12,11:20:35:641,   35.83
13,11:20:35:741,   36.30
14,11:20:35:841,   35.90
15,11:20:35:941,   41.36
16,11:20:36:041,   38.55
17,11:20:36:141,   36.94
18,11:20:36:241,   35.71
19,11:20:36:341,   35.87
20,11:20:36:441,   35.72
21,11:20:36:541,   35.94
22,11:20:36:641,   41.00
23,11:20:36:741,   40.24
24,11:20:36:841,   38.36
25,11:20:36:941,   36.00
26,11:20:37:041,   37.47
27,11:20:37:141,   38.30
28,11:20:37:241,   35.86
29,11:20:37:341,   35.90
30,11:20:37:441,   38.08
31,11:20:37:541,   40.11
32,11:20:37:641,   36.02
33,11:20:37:741,   35.56
34,11:20:37:841,   36.24
35,11:20:37:941,   35.74
36,11:20:38:041,   35.90
37,11:20:38:141,   35.98
38,11:20:38:241,   35.48
39,11:20:38:341,   37.01
40,11:20:38:441,   37.44
41,11:20:38:541,   37.64
42,11:20:38:641,   35.78
43,11:20:38:741,   36.65
44,11:20:38:841,   35.44
45,11:20:38:941,   35.77
46,11:20:39:041,   35.72
47,11:20:39:141,   35.76
48,11:20:39:241,   36.65
49,11:20:39:341,   35.49
50,11:20:39:441,   38.98
51,11:20:39:541,   61.57
52,11:20:39:641,   62.94
53,11:20:39:741,   62.76
54,11:20:39:841,   62.11
55,11:20:39:941,   62.94
56,11:20:40:041,   63.51
57,11:20:40:141,   63.17
58,11:20:40:241,   63.09
59,11:20:40:341,   62.67
60,11:20:40:441,   63.43
61,11:20:40:541,   63.46
62,11:20:40:641,   63.86
63,11:20:40:741,   63.36
64,11:20:40:841,   62.82
65,11:20:40:941,   62.24
66,11:20:41:041,   63.18
67,11:20:41:141,   63.14
68,11:20:41:241,   63.08
69,11:20:41:341,   62.85
70,11:20:41:441,   62.23
71,11:20:41:541,   62.94
72,11:20:41:641,   63.02
73,11:20:41:741,   62.90
74,11:20:41:841,   62.88
75,11:20:41:941,   62.73
76,11:20:42:041,   62.88
77,11:20:42:141,   62.86
78,11:20:42:241,   62.89
79,11:20:42:341,   62.97
80,11:20:42:441,   62.31
81,11:20:42:541,   63.05
82,11:20:42:641,   62.88
83,11:20:42:741,   62.87
84,11:20:42:841,   62.91
85,11:20:42:941,   63.41
86,11:20:43:041,   63.33
87,11:20:43:141,   62.89
88,11:20:43:241,   62.86
89,11:20:43:341,   62.89
90,11:20:43:441,   63.45
91,11:20:43:541,   63.06
92,11:20:43:641,   62.93
93,11:20:43:741,   62.93
94,11:20:43:841,   62.96
95,11:20:43:941,   63.03
96,11:20:44:041,   62.44
97,11:20:44:141,   63.02
98,11:20:44:241,   63.44
99,11:20:44:341,   63.55
100,11:20:44:441,   63.08
101,11:20:44:541,   62.33
102,11:20:44:641,   62.94
103,11:20:44:741,   63.11
104,11:20:44:841,   63.07
105,11:20:44:941,   63.00
106,11:20:45:041,   62.27
107,11:20:45:141,   62.93
108,11:20:45:241,   63.02
109,11:20:45:341,   62.96
110,11:20:45:441,   62.96
111,11:20:45:541,   62.93
112,11:20:45:641,   62.34
113,11:20:45:741,   63.86
114,11:20:45:841,   63.64
115,11:20:45:941,   63.13
116,11:20:46:041,   63.01
117,11:20:46:141,   62.30
118,11:20:46:241,   63.15
119,11:20:46:341,   63.70
120,11:20:46:441,   63.61
121,11:20:46:541,   63.13
122,11:20:46:641,   62.40
123,11:20:46:741,   62.94
124,11:20:46:841,   63.19
125,11:20:46:941,   63.07
126,11:20:47:041,   64.21
127,11:20:47:141,   62.22
128,11:20:47:241,   62.98
129,11:20:47:341,   63.28
130,11:20:47:441,   63.24
131,11:20:47:541,   63.44
132,11:20:47:641,   62.93
133,11:20:47:741,   63.46
134,11:20:47:841,   62.94
135,11:20:47:941,   62.98
136,11:20:48:041,   62.91
137,11:20:48:141,   63.08
138,11:20:48:241,   62.40
139,11:20:48:341,   62.97
140,11:20:48:441,   62.92
141,11:20:48:541,   63.03
142,11:20:48:641,   63.05
143,11:20:48:741,   62.28
144,11:20:48:841,   62.93
145,11:20:48:941,   62.90
146,11:20:49:041,   62.94
147,11:20:49:141,   63.05
148,11:20:49:241,   62.34
149,11:20:49:341,   63.00
150,11:20:49:441,   62.97
151,11:20:49:541,   63.09
152,11:20:49:641,   63.13
153,11:20:49:741,   62.49
154,11:20:49:841,   63.08
155,11:20:49:941,   62.98
156,11:20:50:041,   63.02
157,11:20:50:141,   63.15
158,11:20:50:241,   62.95
159,11:20:50:341,   62.38
160,11:20:50:441,   63.28
161,11:20:50:541,   62.96
162,11:20:50:641,   63.10
163,11:20:50:741,   63.00
164,11:20:50:841,   62.30
165,11:20:50:941,   62.95
166,11:20:51:041,   62.97
167,11:20:51:141,   63.12
168,11:20:51:241,   62.95
169,11:20:51:341,   62.47
170,11:20:51:441,   62.87
171,11:20:51:541,   62.99
172,11:20:51:641,   63.29
173,11:20:51:741,   63.29
174,11:20:51:841,   62.68
175,11:20:51:941,   63.39
176,11:20:52:041,   63.29
177,11:20:52:141,   63.36
178,11:20:52:241,   63.15
179,11:20:52:341,   62.42
180,11:20:52:441,   63.14
181,11:20:52:541,   63.15
182,11:20:52:641,   63.13
183,11:20:52:741,   63.00
184,11:20:52:841,   62.99
185,11:20:52:941,   62.42
186,11:20:53:041,   62.95
187,11:20:53:141,   63.13
188,11:20:53:241,   62.96
189,11:20:53:341,   62.99
190,11:20:53:441,   62.37
191,11:20:53:541,   63.37
192,11:20:53:641,   63.08
193,11:20:53:741,   62.99
194,11:20:53:841,   63.02
195,11:20:53:941,   62.38
196,11:20:54:041,   63.07
197,11:20:54:141,   63.16
198,11:20:54:241,   63.37
199,11:20:54:341,   63.28
200,11:20:54:441,   61.77
201,11:20:54:541,   37.76
202,11:20:54:641,   36.77
203,11:20:54:741,   36.06
204,11:20:54:841,   35.80
205,11:20:54:941,   35.51
206,11:20:55:041,   35.84
207,11:20:55:141,   35.99
208,11:20:55:241,   35.96
209,11:20:55:341,   36.04
210,11:20:55:441,   35.76
211,11:20:55:541,   35.44
212,11:20:55:641,   35.91
213,11:20:55:741,   35.83
214,11:20:55:841,   35.69
215,11:20:55:941,   36.08
216,11:20:56:041,   36.81
217,11:20:56:141,   36.55
218,11:20:56:241,   36.50
219,11:20:56:341,   36.00
220,11:20:56:441,   35.75
221,11:20:56:541,   35.44
222,11:20:56:641,   36.30
223,11:20:56:741,   35.81
224,11:20:56:841,   36.97
225,11:20:56:941,   36.12
226,11:20:57:041,   35.41
227,11:20:57:141,   36.12
228,11:20:57:241,   35.93
229,11:20:57:341,   35.97
230,11:20:57:441,   36.37
231,11:20:57:541,   38.53
232,11:20:57:641,   35.59
233,11:20:57:741,   35.79
234,11:20:57:841,   35.73
235,11:20:57:941,   35.78
236,11:20:58:041,   36.02
237,11:20:58:141,   36.31
238,11:20:58:241,   35.71
239,11:20:58:341,   36.49
240,11:20:58:441,   36.92
241,11:20:58:541,   36.70
242,11:20:58:641,   35.77
243,11:20:58:741,   35.80
244,11:20:58:841,   35.70
245,11:20:58:941,   35.80
246,11:20:59:041,   35.80
247,11:20:59:141,   36.04
248,11:20:59:241,   35.77
249,11:20:59:341,   35.91
250,11:20:59:441,   37.68
251,11:20:59:541,   59.91
252,11:20:59:641,   63.21
253,11:20:59:741,   63.29
254,11:20:59:841,   63.06
255,11:20:59:941,   63.04
256,11:21:0:041,   63.96
257,11:21:0:141,   63.79
258,11:21:0:241,   62.86
259,11:21:0:341,   63.61
260,11:21:0:441,   63.62
261,11:21:0:541,   64.19
262,11:21:0:641,   63.69
263,11:21:0:741,   63.54
264,11:21:0:841,   63.20
265,11:21:0:941,   63.05
266,11:21:1:041,   62.98
267,11:21:1:141,   63.28
268,11:21:1:241,   62.37
269,11:21:1:341,   63.13
270,11:21:1:441,   63.15
271,11:21:1:541,   63.13
272,11:21:1:641,   63.34
273,11:21:1:741,   62.43
274,11:21:1:841,   63.04
275,11:21:1:941,   63.04
276,11:21:2:041,   63.19
277,11:21:2:141,   63.32
278,11:21:2:241,   63.17
279,11:21:2:341,   62.40
280,11:21:2:441,   63.12
281,11:21:2:541,   63.29
282,11:21:2:641,   63.08
283,11:21:2:741,   63.03
284,11:21:2:841,   62.66
285,11:21:2:941,   63.13
286,11:21:3:041,   63.23
287,11:21:3:141,   63.31
288,11:21:3:241,   63.04
289,11:21:3:341,   62.61
290,11:21:3:441,   63.29
291,11:21:3:541,   63.35
292,11:21:3:641,   63.31
293,11:21:3:741,   63.64
294,11:21:3:841,   62.85
295,11:21:3:941,   63.23
296,11:21:4:041,   63.24
297,11:21:4:141,   63.24
298,11:21:4:241,   63.28
299,11:21:4:341,   62.70
300,11:21:4:441,   63.74
301,11:21:4:541,   63.61
302,11:21:4:641,   63.82
303,11:21:4:741,   63.73
304,11:21:4:841,   63.85
305,11:21:4:941,   63.23
306,11:21:5:041,   63.99
307,11:21:5:141,   63.53
308,11:21:5:241,   63.11
309,11:21:5:341,   63.46
310,11:21:5:441,   62.44
311,11:21:5:541,   63.17
312,11:21:5:641,   63.54
313,11:21:5:741,   63.44
314,11:21:5:841,   63.16
315,11:21:5:941,   62.68
316,11:21:6:041,   63.16
317,11:21:6:141,   63.68
318,11:21:6:241,   63.48
319,11:21:6:341,   63.18
320,11:21:6:441,   62.47
321,11:21:6:541,   63.04
322,11:21:6:641,   63.43
323,11:21:6:741,   63.07
324,11:21:6:841,   63.37
325,11:21:6:941,   62.49
326,11:21:7:041,   63.07
327,11:21:7:141,   63.36
328,11:21:7:241,   63.15
329,11:21:7:341,   63.09
330,11:21:7:441,   63.33
331,11:21:7:541,   62.67
332,11:21:7:641,   63.20
333,11:21:7:741,   63.13
334,11:21:7:841,   63.23
335,11:21:7:941,   63.06
336,11:21:8:041,   62.70
337,11:21:8:141,   63.33
338,11:21:8:241,   63.05
339,11:21:8:341,   63.09
340,11:21:8:441,   63.36
341,11:21:8:541,   62.72
342,11:21:8:641,   63.37
343,11:21:8:741,   63.22
344,11:21:8:841,   63.17
345,11:21:8:941,   63.02
346,11:21:9:041,   62.72
347,11:21:9:141,   63.27
348,11:21:9:241,   63.13
349,11:21:9:341,   63.21
350,11:21:9:441,   63.21
351,11:21:9:541,   63.16
352,11:21:9:641,   62.60
353,11:21:9:741,   63.06
354,11:21:9:841,   63.20
355,11:21:9:941,   63.09
356,11:21:10:041,   63.09
357,11:21:10:141,   62.60
358,11:21:10:241,   63.21
359,11:21:10:341,   63.21
360,11:21:10:441,   63.07
361,11:21:10:541,   63.26
362,11:21:10:641,   62.89
363,11:21:10:741,   64.37
364,11:21:10:841,   63.17
365,11:21:10:941,   63.25
366,11:21:11:041,   63.29
367,11:21:11:141,   62.76
368,11:21:11:241,   63.27
369,11:21:11:341,   63.27
370,11:21:11:441,   63.32
371,11:21:11:541,   63.30
372,11:21:11:641,   63.01
373,11:21:11:741,   63.35
374,11:21:11:841,   63.38
375,11:21:11:941,   63.77
376,11:21:12:041,   63.61
377,11:21:12:141,   63.88
378,11:21:12:241,   63.43
379,11:21:12:341,   63.69
380,11:21:12:441,   63.90
381,11:21:12:541,   63.69
382,11:21:12:641,   63.64
383,11:21:12:741,   63.42
384,11:21:12:841,   63.96
385,11:21:12:941,   63.89
386,11:21:13:041,   63.89
387,11:21:13:141,   64.00
388,11:21:13:241,   62.87
389,11:21:13:341,   63.29
390,11:21:13:441,   63.28
391,11:21:13:541,   63.58
392,11:21:13:641,   63.68
393,11:21:13:741,   62.83
394,11:21:13:841,   63.31
395,11:21:13:941,   63.22
396,11:21:14:041,   63.28
397,11:21:14:141,   63.35
398,11:21:14:241,   63.39
399,11:21:14:341,   62.79
400,11:21:14:441,   63.24
401,11:21:14:541,   43.09
402,11:21:14:641,   36.62
403,11:21:14:741,   40.31
404,11:21:14:841,   39.14
405,11:21:14:941,   36.47
406,11:21:15:041,   35.79
407,11:21:15:141,   36.13
408,11:21:15:241,   36.46
409,11:21:15:341,   35.57
410,11:21:15:441,   35.79
411,11:21:15:541,   35.80
412,11:21:15:641,   35.91
413,11:21:15:741,   35.77
414,11:21:15:841,   35.56
415,11:21:15:941,   35.71
416,11:21:16:041,   35.68
417,11:21:16:141,   35.97
418,11:21:16:241,   35.67
419,11:21:16:341,   35.38
420,11:21:16:441,   35.68
421,11:21:16:541,   35.75
422,11:21:16:641,   35.87
423,11:21:16:741,   35.85
424,11:21:16:841,   35.79
425,11:21:16:941,   35.39
426,11:21:17:041,   35.71
427,11:21:17:141,   35.96
428,11:21:17:241,   35.73
429,11:21:17:341,   35.78
430,11:21:17:441,   35.83
431,11:21:17:541,   37.88
432,11:21:17:641,   36.29
433,11:21:17:741,   35.83
434,11:21:17:841,   35.68
435,11:21:17:941,   35.43
436,11:21:18:041,   35.67
437,11:21:18:141,   35.96
438,11:21:18:241,   35.73
439,11:21:18:341,   35.96
440,11:21:18:441,   35.78
441,11:21:18:541,   36.65
442,11:21:18:641,   35.90
443,11:21:18:741,   35.93
444,11:21:18:841,   36.15
445,11:21:18:941,   35.45
446,11:21:19:041,   36.12
447,11:21:19:141,   35.97
448,11:21:19:241,   36.64
449,11:21:19:341,   36.20
450,11:21:19:441,   35.68
451,11:21:19:541,   50.59
452,11:21:19:641,   63.41
453,11:21:19:741,   62.98
454,11:21:19:841,   62.99
455,11:21:19:941,   63.01
456,11:21:20:041,   62.78
457,11:21:20:141,   63.67
458,11:21:20:241,   63.55
459,11:21:20:341,   63.33
460,11:21:20:441,   63.35
461,11:21:20:541,   62.79
462,11:21:20:641,   63.60
463,11:21:20:741,   63.80
464,11:21:20:841,   63.24
465,11:21:20:941,   63.04
466,11:21:21:041,   62.44
467,11:21:21:141,   63.36
468,11:21:21:241,   63.34
469,11:21:21:341,   63.07
470,11:21:21:441,   63.21
471,11:21:21:541,   63.34
472,11:21:21:641,   62.56
473,11:21:21:741,   63.13
474,11:21:21:841,   63.15
475,11:21:21:941,   63.14
476,11:21:22:041,   63.12
477,11:21:22:141,   62.61
478,11:21:22:241,   63.13
479,11:21:22:341,   63.18
480,11:21:22:441,   63.36
481,11:21:22:541,   63.28
482,11:21:22:641,   62.61
483,11:21:22:741,   63.21
484,11:21:22:841,   63.16
485,11:21:22:941,   63.18
486,11:21:23:041,   63.15
487,11:21:23:141,   62.63
488,11:21:23:241,   63.18
489,11:21:23:341,   63.18
490,11:21:23:441,   63.15
491,11:21:23:541,   63.34
492,11:21:23:641,   62.74
493,11:21:23:741,   63.26
494,11:21:23:841,   63.24
495,11:21:23:941,   63.25
496,11:21:24:041,   63.26
497,11:21:24:141,   63.33
498,11:21:24:241,   62.53
499,11:21:24:341,   63.18
500,11:21:24:441,   63.52
501,11:21:24:541,   63.35
502,11:21:24:641,   63.77
503,11:21:24:741,   62.68
504,11:21:24:841,   63.49
505,11:21:24:941,   63.30
506,11:21:25:041,   64.19
507,11:21:25:141,   63.69
508,11:21:25:241,   62.76
509,11:21:25:341,   63.48
510,11:21:25:441,   63.97
511,11:21:25:541,   64.02
512,11:21:25:641,   63.89
513,11:21:25:741,   62.84
514,11:21:25:841,   63.21
515,11:21:25:941,   63.20
516,11:21:26:041,   63.23
517,11:21:26:141,   63.54
518,11:21:26:241,   63.20
519,11:21:26:341,   62.58
520,11:21:26:441,   63.18
521,11:21:26:541,   63.23
522,11:21:26:641,   63.33
523,11:21:26:741,   63.24
524,11:21:26:841,   62.68
525,11:21:26:941,   63.26
526,11:21:27:041,   63.22
527,11:21:27:141,   63.37
528,11:21:27:241,   63.22
529,11:21:27:341,   62.60
530,11:21:27:441,   63.34
531,11:21:27:541,   63.41
532,11:21:27:641,   63.38
533,11:21:27:741,   63.52
534,11:21:27:841,   62.62
535,11:21:27:941,   63.24
536,11:21:28:041,   63.22
537,11:21:28:141,   63.34
538,11:21:28:241,   63.26
539,11:21:28:341,   62.62
540,11:21:28:441,   63.28
541,11:21:28:541,   63.41
542,11:21:28:641,   63.39
543,11:21:28:741,   63.22
544,11:21:28:841,   63.22
545,11:21:28:941,   62.64
546,11:21:29:041,   63.26
547,11:21:29:141,   63.39
548,11:21:29:241,   63.21
549,11:21:29:341,   63.23
550,11:21:29:441,   62.60
551,11:21:29:541,   63.24
552,11:21:29:641,   63.36
553,11:21:29:741,   63.24
554,11:21:29:841,   63.20
555,11:21:29:941,   62.62
556,11:21:30:041,   63.19
557,11:21:30:141,   63.40
558,11:21:30:241,   63.23
559,11:21:30:341,   63.24
560,11:21:30:441,   62.60
561,11:21:30:541,   63.19
562,11:21:30:641,   63.37
563,11:21:30:741,   63.24
564,11:21:30:841,   63.58
565,11:21:30:941,   63.26
566,11:21:31:041,   62.57
567,11:21:31:141,   63.30
568,11:21:31:241,   63.25
569,11:21:31:341,   63.24
570,11:21:31:441,   63.23
571,11:21:31:541,   62.63
572,11:21:31:641,   63.34
573,11:21:31:741,   63.24
574,11:21:31:841,   63.22
575,11:21:31:941,   63.23
576,11:21:32:041,   62.60
577,11:21:32:141,   63.40
578,11:21:32:241,   63.22
579,11:21:32:341,   63.21
580,11:21:32:441,   63.36
581,11:21:32:541,   62.77
582,11:21:32:641,   63.36
583,11:21:32:741,   63.24
584,11:21:32:841,   63.21
585,11:21:32:941,   63.30
586,11:21:33:041,   62.63
587,11:21:33:141,   63.42
588,11:21:33:241,   63.28
589,11:21:33:341,   63.24
590,11:21:33:441,   63.23
591,11:21:33:541,   63.38
592,11:21:33:641,   62.82
593,11:21:33:741,   63.25
594,11:21:33:841,   63.24
595,11:21:33:941,   63.51
596,11:21:34:041,   63.24
597,11:21:34:141,   62.68
598,11:21:34:241,   63.26
599,11:21:34:341,   63.22
600,11:21:34:441,   63.29
601,11:21:34:541,   48.62
602,11:21:34:641,   36.26
603,11:21:34:741,   36.20
604,11:21:34:841,   35.74
605,11:21:34:941,   35.90
606,11:21:35:041,   35.75
607,11:21:35:141,   35.69
608,11:21:35:241,   35.73
609,11:21:35:341,   35.77
610,11:21:35:441,   35.74
611,11:21:35:541,   35.81
612,11:21:35:641,   35.64
613,11:21:35:741,   35.79
614,11:21:35:841,   35.72
615,11:21:35:941,   35.77
616,11:21:36:041,   35.72
617,11:21:36:141,   35.97
618,11:21:36:241,   35.36
619,11:21:36:341,   35.74
620,11:21:36:441,   35.72
621,11:21:36:541,   35.78
622,11:21:36:641,   35.86
623,11:21:36:741,   35.44
624,11:21:36:841,   35.71
625,11:21:36:941,   35.87
626,11:21:37:041,   35.74
627,11:21:37:141,   36.67
628,11:21:37:241,   35.38
629,11:21:37:341,   35.76
630,11:21:37:441,   36.22
631,11:21:37:541,   37.50
632,11:21:37:641,   36.01
633,11:21:37:741,   35.41
634,11:21:37:841,   35.70
635,11:21:37:941,   35.75
636,11:21:38:041,   35.74
637,11:21:38:141,   35.93
638,11:21:38:241,   35.71
639,11:21:38:341,   35.39
640,11:21:38:441,   35.70
641,11:21:38:541,   36.36
642,11:21:38:641,   35.89
643,11:21:38:741,   35.75
644,11:21:38:841,   35.33
645,11:21:38:941,   35.79
646,11:21:39:041,   35.69
647,11:21:39:141,   35.97
648,11:21:39:241,   35.72
649,11:21:39:341,   35.40
650,11:21:39:441,   35.66
651,11:21:39:541,   45.65
652,11:21:39:641,   63.68
653,11:21:39:741,   63.04
654,11:21:39:841,   62.41
655,11:21:39:941,   63.06
656,11:21:40:041,   63.62
657,11:21:40:141,   64.01
658,11:21:40:241,   63.66
659,11:21:40:341,   62.97
660,11:21:40:441,   63.56
661,11:21:40:541,   63.58
662,11:21:40:641,   63.75
663,11:21:40:741,   63.60
664,11:21:40:841,   63.57
665,11:21:40:941,   62.54
666,11:21:41:041,   63.16
667,11:21:41:141,   63.32
668,11:21:41:241,   63.39
669,11:21:41:341,   63.23
670,11:21:41:441,   62.56
671,11:21:41:541,   63.19
672,11:21:41:641,   63.38
673,11:21:41:741,   63.21
674,11:21:41:841,   63.23
675,11:21:41:941,   62.60
676,11:21:42:041,   63.19
677,11:21:42:141,   63.36
678,11:21:42:241,   63.30
679,11:21:42:341,   63.28
680,11:21:42:441,   62.84
681,11:21:42:541,   63.48
682,11:21:42:641,   63.40
683,11:21:42:741,   63.25
684,11:21:42:841,   63.27
685,11:21:42:941,   63.28
686,11:21:43:041,   62.62
687,11:21:43:141,   63.36
688,11:21:43:241,   63.23
689,11:21:43:341,   63.61
690,11:21:43:441,   63.40
691,11:21:43:541,   62.80
692,11:21:43:641,   63.44
693,11:21:43:741,   63.28
694,11:21:43:841,   63.21
695,11:21:43:941,   63.21
696,11:21:44:041,   62.66
697,11:21:44:141,   63.33
698,11:21:44:241,   63.27
699,11:21:44:341,   63.25
700,11:21:44:441,   63.24
701,11:21:44:541,   62.60
702,11:21:44:641,   63.42
703,11:21:44:741,   63.27
704,11:21:44:841,   63.25
705,11:21:44:941,   63.24
706,11:21:45:041,   62.71
707,11:21:45:141,   63.53
708,11:21:45:241,   63.19
709,11:21:45:341,   63.27
710,11:21:45:441,   63.33
711,11:21:45:541,   63.25
712,11:21:45:641,   62.82
713,11:21:45:741,   63.30
714,11:21:45:841,   63.31
715,11:21:45:941,   63.25
716,11:21:46:041,   63.28
717,11:21:46:141,   62.79
718,11:21:46:241,   63.25
719,11:21:46:341,   63.26
720,11:21:46:441,   63.72
721,11:21:46:541,   63.40
722,11:21:46:641,   62.88
723,11:21:46:741,   63.38
724,11:21:46:841,   63.36
725,11:21:46:941,   63.40
726,11:21:47:041,   63.37
727,11:21:47:141,   62.87
728,11:21:47:241,   63.33
729,11:21:47:341,   63.37
730,11:21:47:441,   63.44
731,11:21:47:541,   63.65
732,11:21:47:641,   62.92
733,11:21:47:741,   63.38
734,11:21:47:841,   63.33
735,11:21:47:941,   63.40
736,11:21:48:041,   63.32
737,11:21:48:141,   63.49
738,11:21:48:241,   62.77
739,11:21:48:341,   63.45
740,11:21:48:441,   63.40
741,11:21:48:541,   63.51
742,11:21:48:641,   63.56
743,11:21:48:741,   62.75
744,11:21:48:841,   63.38
745,11:21:48:941,   63.37
746,11:21:49:041,   63.35
747,11:21:49:141,   63.51
748,11:21:49:241,   62.72
749,11:21:49:341,   63.37
750,11:21:49:441,   63.39
751,11:21:49:541,   63.68
752,11:21:49:641,   63.50
753,11:21:49:741,   62.78
754,11:21:49:841,   63.27
755,11:21:49:941,   63.35
756,11:21:50:041,   63.29
757,11:21:50:141,   63.44
758,11:21:50:241,   63.31
759,11:21:50:341,   62.71
760,11:21:50:441,   63.28
761,11:21:50:541,   63.31
762,11:21:50:641,   63.46
763,11:21:50:741,   63.33
764,11:21:50:841,   62.68
765,11:21:50:941,   63.36
766,11:21:51:041,   63.38
767,11:21:51:141,   63.54
768,11:21:51:241,   63.37
769,11:21:51:341,   62.75
770,11:21:51:441,   63.37
771,11:21:51:541,   63.37
772,11:21:51:641,   63.48
773,11:21:51:741,   63.38
774,11:21:51:841,   62.75
775,11:21:51:941,   63.37
776,11:21:52:041,   63.43
777,11:21:52:141,   63.38
778,11:21:52:241,   63.31
779,11:21:52:341,   62.65
780,11:21:52:441,   63.45
781,11:21:52:541,   63.45
782,11:21:52:641,   63.64
783,11:21:52:741,   63.36
784,11:21:52:841,   63.26
785,11:21:52:941,   62.64
786,11:21:53:041,   63.34
787,11:21:53:141,   63.47
788,11:21:53:241,   63.28
789,11:21:53:341,   63.33
790,11:21:53:441,   62.65
791,11:21:53:541,   63.38
792,11:21:53:641,   63.43
793,11:21:53:741,   63.30
794,11:21:53:841,   63.33
795,11:21:53:941,   62.69
796,11:21:54:041,   63.38
797,11:21:54:141,   63.54
798,11:21:54:241,   63.38
799,11:21:54:341,   63.39
800,11:21:54:441,   62.76
801,11:21:54:541,   55.39
802,11:21:54:641,   37.31
803,11:21:54:741,   36.65
804,11:21:54:841,   35.92
805,11:21:54:941,   35.86
806,11:21:55:041,   35.41
807,11:21:55:141,   35.97
808,11:21:55:241,   35.76
809,11:21:55:341,   35.82
810,11:21:55:441,   35.82
811,11:21:55:541,   35.48
812,11:21:55:641,   35.94
813,11:21:55:741,   36.29
814,11:21:55:841,   35.80
815,11:21:55:941,   35.84
816,11:21:56:041,   35.43
817,11:21:56:141,   36.04
818,11:21:56:241,   35.72
819,11:21:56:341,   35.80
820,11:21:56:441,   35.74
821,11:21:56:541,   35.45
822,11:21:56:641,   35.92
823,11:21:56:741,   35.88
824,11:21:56:841,   35.73
825,11:21:56:941,   35.79
826,11:21:57:041,   35.35
827,11:21:57:141,   35.97
828,11:21:57:241,   35.77
829,11:21:57:341,   35.80
830,11:21:57:441,   36.19
831,11:21:57:541,   37.94
832,11:21:57:641,   35.52
833,11:21:57:741,   35.80
834,11:21:57:841,   35.71
835,11:21:57:941,   35.78
836,11:21:58:041,   35.69
837,11:21:58:141,   35.62
838,11:21:58:241,   35.73
839,11:21:58:341,   35.78
840,11:21:58:441,   35.76
841,11:21:58:541,   36.76
842,11:21:58:641,   35.58
843,11:21:58:741,   35.86
844,11:21:58:841,   36.22
845,11:21:58:941,   35.82
846,11:21:59:041,   35.74
847,11:21:59:141,   35.65
848,11:21:59:241,   35.76
849,11:21:59:341,   35.79
850,11:21:59:441,   35.71
851,11:21:59:541,   41.37
852,11:21:59:641,   63.64
853,11:21:59:741,   62.62
854,11:21:59:841,   63.15
855,11:21:59:941,   63.15
856,11:22:0:041,   63.69
857,11:22:0:141,   63.87
858,11:22:0:241,   62.96
859,11:22:0:341,   63.60
860,11:22:0:441,   63.65
861,11:22:0:541,   63.71
862,11:22:0:641,   64.01
863,11:22:0:741,   63.10
864,11:22:0:841,   63.66
865,11:22:0:941,   63.24
866,11:22:1:041,   63.22
867,11:22:1:141,   63.40
868,11:22:1:241,   62.91
869,11:22:1:341,   63.21
870,11:22:1:441,   63.25
871,11:22:1:541,   63.36
872,11:22:1:641,   63.51
873,11:22:1:741,   62.70
874,11:22:1:841,   63.27
875,11:22:1:941,   63.58
876,11:22:2:041,   63.33
877,11:22:2:141,   63.34
878,11:22:2:241,   63.30
879,11:22:2:341,   62.69
880,11:22:2:441,   63.36
881,11:22:2:541,   63.48
882,11:22:2:641,   63.44
883,11:22:2:741,   63.31
884,11:22:2:841,   62.62
885,11:22:2:941,   63.31
886,11:22:3:041,   63.26
887,11:22:3:141,   63.39
888,11:22:3:241,   63.25
889,11:22:3:341,   62.60
890,11:22:3:441,   63.20
891,11:22:3:541,   63.35
892,11:22:3:641,   63.43
893,11:22:3:741,   63.38
894,11:22:3:841,   62.64
895,11:22:3:941,   63.28
896,11:22:4:041,   63.20
897,11:22:4:141,   63.36
898,11:22:4:241,   63.28
899,11:22:4:341,   62.68
900,11:22:4:441,   63.26
901,11:22:4:541,   63.26
902,11:22:4:641,   63.46
903,11:22:4:741,   63.34
904,11:22:4:841,   63.37
905,11:22:4:941,   62.72
906,11:22:5:041,   63.73
907,11:22:5:141,   63.48
908,11:22:5:241,   63.46
909,11:22:5:341,   63.43
910,11:22:5:441,   62.78
911,11:22:5:541,   63.40
912,11:22:5:641,   63.47
913,11:22:5:741,   63.31
914,11:22:5:841,   63.28
915,11:22:5:941,   62.67
916,11:22:6:041,   63.29
917,11:22:6:141,   63.42
918,11:22:6:241,   63.32
919,11:22:6:341,   63.30
920,11:22:6:441,   62.67
921,11:22:6:541,   63.29
922,11:22:6:641,   63.49
923,11:22:6:741,   63.32
924,11:22:6:841,   63.36
925,11:22:6:941,   63.32
926,11:22:7:041,   62.64
927,11:22:7:141,   63.56
928,11:22:7:241,   63.27
929,11:22:7:341,   63.31
930,11:22:7:441,   63.46
931,11:22:7:541,   62.87
932,11:22:7:641,   63.44
933,11:22:7:741,   63.28
934,11:22:7:841,   63.33
935,11:22:7:941,   63.31
936,11:22:8:041,   62.68
937,11:22:8:141,   63.73
938,11:22:8:241,   63.28
939,11:22:8:341,   63.33
940,11:22:8:441,   63.34
941,11:22:8:541,   62.76
942,11:22:8:641,   63.49
943,11:22:8:741,   63.36
944,11:22:8:841,   63.28
945,11:22:8:941,   63.30
946,11:22:9:041,   62.69
947,11:22:9:141,   63.47
948,11:22:9:241,   63.29
949,11:22:9:341,   63.34
950,11:22:9:441,   63.27
951,11:22:9:541,   63.32
952,11:22:9:641,   62.76
953,11:22:9:741,   63.40
954,11:22:9:841,   63.32
955,11:22:9:941,   63.33
956,11:22:10:041,   63.30
957,11:22:10:141,   62.92
958,11:22:10:241,   63.33
959,11:22:10:341,   63.30
960,11:22:10:441,   63.34
961,11:22:10:541,   63.27
962,11:22:10:641,   62.88
963,11:22:10:741,   63.31
964,11:22:10:841,   63.23
965,11:22:10:941,   63.29
966,11:22:11:041,   63.24
967,11:22:11:141,   62.85
968,11:22:11:241,   63.57
969,11:22:11:341,   63.31
970,11:22:11:441,   63.23
971,11:22:11:541,   63.32
972,11:22:11:641,   63.65
973,11:22:11:741,   62.62
974,11:22:11:841,   63.36
975,11:22:11:941,   63.33
976,11:22:12:041,   63.28
977,11:22:12:141,   63.42
978,11:22:12:241,   62.67
979,11:22:12:341,   63.26
980,11:22:12:441,   63.38
981,11:22:12:541,   63.49
982,11:22:12:641,   63.42
983,11:22:12:741,   62.65
984,11:22:12:841,   63.26
985,11:22:12:941,   63.26
986,11:22:13:041,   63.31
987,11:22:13:141,   63.39
988,11:22:13:241,   62.62
989,11:22:13:341,   63.23
990,11:22:13:441,   63.29
991,11:22:13:541,   63.43
992,11:22:13:641,   63.42
993,11:22:13:741,   62.72
994,11:22:13:841,   63.29
995,11:22:13:941,   63.24
996,11:22:14:041,   63.29
997,11:22:14:141,   63.49
998,11:22:14:241,   63.24
999,11:22:14:341,   62.99
1000,11:22:14:441,   63.29
1001,11:22:14:541,   60.69
1002,11:22:14:641,   37.35
1003,11:22:14:741,   40.68
1004,11:22:14:841,   39.94
1005,11:22:14:941,   36.82
1006,11:22:15:041,   36.20
1007,11:22:15:141,   36.05
1008,11:22:15:241,   36.21
1009,11:22:15:341,   35.46
1010,11:22:15:441,   35.86
1011,11:22:15:541,   35.84
1012,11:22:15:641,   35.95
1013,11:22:15:741,   35.86
1014,11:22:15:841,   35.43
1015,11:22:15:941,   35.82
1016,11:22:16:041,   35.73
1017,11:22:16:141,   35.97
1018,11:22:16:241,   35.74
1019,11:22:16:341,   35.46
1020,11:22:16:441,   35.79
1021,11:22:16:541,   35.81
1022,11:22:16:641,   35.92
1023,11:22:16:741,   35.79
1024,11:22:16:841,   35.76
1025,11:22:16:941,   35.46
1026,11:22:17:041,   35.76
1027,11:22:17:141,   35.96
1028,11:22:17:241,   35.75
1029,11:22:17:341,   36.17
1030,11:22:17:441,   35.91
1031,11:22:17:541,   37.59
1032,11:22:17:641,   35.93
1033,11:22:17:741,   35.80
1034,11:22:17:841,   35.80
1035,11:22:17:941,   35.42
1036,11:22:18:041,   35.76
1037,11:22:18:141,   36.01
1038,11:22:18:241,   35.76
1039,11:22:18:341,   35.89
1040,11:22:18:441,   35.37
1041,11:22:18:541,   36.47
1042,11:22:18:641,   35.96
1043,11:22:18:741,   35.83
1044,11:22:18:841,   35.77
1045,11:22:18:941,   35.79
1046,11:22:19:041,   35.39
1047,11:22:19:141,   36.02
1048,11:22:19:241,   35.76
1049,11:22:19:341,   35.78
1050,11:22:19:441,   35.80
1051,11:22:19:541,   35.63
1052,11:22:19:641,   39.23
1053,11:22:19:741,   39.73
1054,11:22:19:841,   42.82
1055,11:22:19:941,   43.51
1056,11:22:20:041,   40.49
1057,11:22:20:141,   42.99
1058,11:22:20:241,   41.19
1059,11:22:20:341,   41.43
